{
    "object": "rerank",
    "results": [
        {
            "relevance_score": 0.9999322891235352,
            "index": 2,
            "document": null
        },
        {
            "relevance_score": 0.8560222387313843,
            "index": 0,
            "document": null
        },
        {
            "relevance_score": 0.7231764197349548,
            "index": 1,
            "document": null
        },
        {
            "relevance_score": 0.44487491250038147,
            "index": 3,
            "document": null
        }
    ],
    "model": "michaelfeil/mxbai-rerank-large-v2-seq",
    "usage": {
        "prompt_tokens": 1642,
        "total_tokens": 1642
    },
    "id": "infinity-ab273971-6767-4760-b834-e9490602a718",
    "created": 1741999659
}